{"name":"USER","type":"ARM","mode":"Template","toolchain":"AC5","dependenceList":[{"groupName":"custom","depList":[{"name":"default","sourceDirList":[],"libList":[],"incList":[".\\..\\CORE",".\\..\\SYSTEM\\delay",".\\..\\SYSTEM\\sys",".\\",".\\..\\FWLIB\\inc",".\\..\\SYSTEM",".\\..\\SYSTEM\\oled",".\\..\\SYSTEM\\pid",".\\..\\MOTOR_shuanghuan",".\\..\\SYSTEM\\ANO_V7",".\\..\\SYSTEM\\flycontrol_v1",".\\..\\SYSTEM\\balance_car_bujin",".\\..\\SYSTEM\\one_fly_contorl",".\\..\\SYSTEM\\banqiu",".\\..\\SYSTEM\\gxt_algorithm",".\\..\\SYSTEM\\fenglibai",".\\..\\SYSTEM\\balance_car",".\\.eide\\deps"],"defineList":["STM32F40_41xxx","USE_STDPERIPH_DRIVER"]}]}],"compileConfig":{"cpuType":"Cortex-M4","floatingPointHardware":"single","useCustomScatterFile":false,"scatterFilePath":"undefined","storageLayout":{"RAM":[{"tag":"RAM","id":1,"mem":{"startAddr":"0x0","size":"0x0"},"isChecked":false,"noInit":false},{"tag":"RAM","id":2,"mem":{"startAddr":"0x0","size":"0x0"},"isChecked":false,"noInit":false},{"tag":"RAM","id":3,"mem":{"startAddr":"0x0","size":"0x0"},"isChecked":false,"noInit":false},{"tag":"IRAM","id":1,"mem":{"startAddr":"0x20000000","size":"0x20000"},"isChecked":true,"noInit":false},{"tag":"IRAM","id":2,"mem":{"startAddr":"0x10000000","size":"0x10000"},"isChecked":false,"noInit":false}],"ROM":[{"tag":"ROM","id":1,"mem":{"startAddr":"0x0","size":"0x0"},"isChecked":false,"isStartup":false},{"tag":"ROM","id":2,"mem":{"startAddr":"0x0","size":"0x0"},"isChecked":false,"isStartup":false},{"tag":"ROM","id":3,"mem":{"startAddr":"0x0","size":"0x0"},"isChecked":false,"isStartup":false},{"tag":"IROM","id":1,"mem":{"startAddr":"0x8000000","size":"0x100000"},"isChecked":true,"isStartup":true},{"tag":"IROM","id":2,"mem":{"startAddr":"0x0","size":"0x0"},"isChecked":false,"isStartup":false}]},"options":"null"},"uploader":"JLink","srcDirs":[".\\.eide\\deps"],"virtualFolder":[{"name":"板球","files":[{"path":".\\..\\SYSTEM\\banqiu\\banqiu.c"}],"folders":[]},{"name":"步进电机","files":[{"path":".\\..\\SYSTEM\\balance_car_bujin\\balance_control.c"},{"path":".\\..\\SYSTEM\\balance_car_bujin\\balance_init.c"}],"folders":[]},{"name":"单个空心杯角度控制","files":[{"path":".\\..\\SYSTEM\\one_fly_contorl\\onefly_control.c"}],"folders":[]},{"name":"飞控一代","files":[{"path":".\\..\\SYSTEM\\flycontrol_v1\\ak8975.c"},{"path":".\\..\\SYSTEM\\flycontrol_v1\\attitude_up.c"},{"path":".\\..\\SYSTEM\\flycontrol_v1\\ICM20602.c"},{"path":".\\..\\SYSTEM\\flycontrol_v1\\imu_spi.c"},{"path":".\\..\\SYSTEM\\flycontrol_v1\\SPL06_001.c"}],"folders":[]},{"name":"风力摆","files":[{"path":".\\..\\SYSTEM\\fenglibai\\fenglibai.c"}],"folders":[]},{"name":"平衡车国赛准备","files":[{"path":".\\..\\SYSTEM\\balance_car\\balance_car.c"}],"folders":[]},{"name":"上位机ANO-v7","files":[{"path":".\\..\\SYSTEM\\ANO_V7\\send_data.c"},{"path":".\\..\\SYSTEM\\ANO_V7\\V7_data_deal.c"}],"folders":[]},{"name":"CORE","files":[{"path":".\\..\\CORE\\startup_stm32f40_41xxx.s"}],"folders":[]},{"name":"FWLIB","files":[{"path":".\\..\\FWLIB\\src\\misc.c"},{"path":".\\..\\FWLIB\\src\\stm32f4xx_adc.c"},{"path":".\\..\\FWLIB\\src\\stm32f4xx_can.c"},{"path":".\\..\\FWLIB\\src\\stm32f4xx_crc.c"},{"path":".\\..\\FWLIB\\src\\stm32f4xx_cryp.c"},{"path":".\\..\\FWLIB\\src\\stm32f4xx_cryp_aes.c"},{"path":".\\..\\FWLIB\\src\\stm32f4xx_cryp_des.c"},{"path":".\\..\\FWLIB\\src\\stm32f4xx_cryp_tdes.c"},{"path":".\\..\\FWLIB\\src\\stm32f4xx_dac.c"},{"path":".\\..\\FWLIB\\src\\stm32f4xx_dbgmcu.c"},{"path":".\\..\\FWLIB\\src\\stm32f4xx_dcmi.c"},{"path":".\\..\\FWLIB\\src\\stm32f4xx_dma2d.c"},{"path":".\\..\\FWLIB\\src\\stm32f4xx_dma.c"},{"path":".\\..\\FWLIB\\src\\stm32f4xx_exti.c"},{"path":".\\..\\FWLIB\\src\\stm32f4xx_flash.c"},{"path":".\\..\\FWLIB\\src\\stm32f4xx_flash_ramfunc.c"},{"path":".\\..\\FWLIB\\src\\stm32f4xx_fsmc.c"},{"path":".\\..\\FWLIB\\src\\stm32f4xx_gpio.c"},{"path":".\\..\\FWLIB\\src\\stm32f4xx_hash.c"},{"path":".\\..\\FWLIB\\src\\stm32f4xx_hash_md5.c"},{"path":".\\..\\FWLIB\\src\\stm32f4xx_hash_sha1.c"},{"path":".\\..\\FWLIB\\src\\stm32f4xx_i2c.c"},{"path":".\\..\\FWLIB\\src\\stm32f4xx_iwdg.c"},{"path":".\\..\\FWLIB\\src\\stm32f4xx_ltdc.c"},{"path":".\\..\\FWLIB\\src\\stm32f4xx_pwr.c"},{"path":".\\..\\FWLIB\\src\\stm32f4xx_rcc.c"},{"path":".\\..\\FWLIB\\src\\stm32f4xx_rng.c"},{"path":".\\..\\FWLIB\\src\\stm32f4xx_rtc.c"},{"path":".\\..\\FWLIB\\src\\stm32f4xx_sai.c"},{"path":".\\..\\FWLIB\\src\\stm32f4xx_sdio.c"},{"path":".\\..\\FWLIB\\src\\stm32f4xx_spi.c"},{"path":".\\..\\FWLIB\\src\\stm32f4xx_syscfg.c"},{"path":".\\..\\FWLIB\\src\\stm32f4xx_tim.c"},{"path":".\\..\\FWLIB\\src\\stm32f4xx_usart.c"},{"path":".\\..\\FWLIB\\src\\stm32f4xx_wwdg.c"}],"folders":[]},{"name":"GXT算法","files":[{"path":".\\..\\SYSTEM\\gxt_algorithm\\my_algorithm.c"}],"folders":[]},{"name":"MOTOR_双环","files":[{"path":".\\..\\MOTOR_shuanghuan\\motor_shuanghuan.c"}],"folders":[]},{"name":"PID","files":[{"path":".\\..\\SYSTEM\\pid\\pid.c"}],"folders":[]},{"name":"README","files":[{"path":".\\..\\readme.txt"}],"folders":[]},{"name":"SYSTEM","files":[{"path":".\\..\\SYSTEM\\delay\\delay.c"},{"path":".\\..\\SYSTEM\\sys\\sys.c"},{"path":".\\..\\SYSTEM\\usart1.c"},{"path":".\\..\\SYSTEM\\exti.c"},{"path":".\\..\\SYSTEM\\led.c"},{"path":".\\..\\SYSTEM\\tim6.c"},{"path":".\\..\\SYSTEM\\tim14.c"},{"path":".\\..\\SYSTEM\\sonic.c"},{"path":".\\..\\SYSTEM\\oled\\myiic.c"},{"path":".\\..\\SYSTEM\\oled\\oled.c"},{"path":".\\..\\SYSTEM\\ws2812.c"},{"path":".\\..\\SYSTEM\\sbus_usart2.c"},{"path":".\\..\\SYSTEM\\encoder.c"},{"path":".\\..\\SYSTEM\\qy3806_abs.c"},{"path":".\\..\\SYSTEM\\tim8.c"},{"path":".\\..\\SYSTEM\\w25qxx.c"},{"path":".\\..\\SYSTEM\\spi.c"},{"path":".\\..\\SYSTEM\\usart3.c"},{"path":".\\..\\SYSTEM\\adc.c"},{"path":".\\..\\SYSTEM\\key.c"},{"path":".\\..\\SYSTEM\\watch_dog.c"}],"folders":[]},{"name":"USER","files":[{"path":".\\main.c"},{"path":".\\stm32f4xx_it.c"},{"path":".\\system_stm32f4xx.c"},{"path":".\\..\\SYSTEM\\my_task.c"}],"folders":[]}],"excludeList":[],"outDir":".\\build","deviceName":null,"packDir":null,"uploadConfig":{"bin":".\\build\\Template\\USER.hex","baseAddr":"0x08000000","cpuInfo":{"vendor":"ST","cpuName":"STM32F407VG"},"proType":1,"speed":8000},"miscInfo":{"uid":"9a28a09cd4fd34bc32e9857968eafd14"},"targets":{"Template":{"compileConfig":{"cpuType":"Cortex-M4","floatingPointHardware":"single","useCustomScatterFile":false,"scatterFilePath":"undefined","storageLayout":{"RAM":[{"tag":"RAM","id":1,"mem":{"startAddr":"0x0","size":"0x0"},"isChecked":false,"noInit":false},{"tag":"RAM","id":2,"mem":{"startAddr":"0x0","size":"0x0"},"isChecked":false,"noInit":false},{"tag":"RAM","id":3,"mem":{"startAddr":"0x0","size":"0x0"},"isChecked":false,"noInit":false},{"tag":"IRAM","id":1,"mem":{"startAddr":"0x20000000","size":"0x20000"},"isChecked":true,"noInit":false},{"tag":"IRAM","id":2,"mem":{"startAddr":"0x10000000","size":"0x10000"},"isChecked":false,"noInit":false}],"ROM":[{"tag":"ROM","id":1,"mem":{"startAddr":"0x0","size":"0x0"},"isChecked":false,"isStartup":false},{"tag":"ROM","id":2,"mem":{"startAddr":"0x0","size":"0x0"},"isChecked":false,"isStartup":false},{"tag":"ROM","id":3,"mem":{"startAddr":"0x0","size":"0x0"},"isChecked":false,"isStartup":false},{"tag":"IROM","id":1,"mem":{"startAddr":"0x8000000","size":"0x100000"},"isChecked":true,"isStartup":true},{"tag":"IROM","id":2,"mem":{"startAddr":"0x0","size":"0x0"},"isChecked":false,"isStartup":false}]},"options":"null"},"uploader":"JLink","uploadConfig":{"bin":"null","baseAddr":"0x08000000","cpuInfo":{"vendor":"ST","cpuName":"STM32F103C8"},"proType":1,"speed":8000},"toolchain":"AC5","custom_dep":{"name":"default","sourceDirList":[],"libList":[],"incList":[".\\..\\CORE",".\\..\\SYSTEM\\delay",".\\..\\SYSTEM\\sys",".",".\\..\\FWLIB\\inc",".\\..\\SYSTEM",".\\..\\SYSTEM\\oled",".\\..\\SYSTEM\\pid",".\\..\\MOTOR_shuanghuan",".\\..\\SYSTEM\\ANO_V7",".\\..\\SYSTEM\\flycontrol_v1",".\\..\\SYSTEM\\balance_car_bujin",".\\..\\SYSTEM\\one_fly_contorl",".\\..\\SYSTEM\\banqiu",".\\..\\SYSTEM\\gxt_algorithm",".\\..\\SYSTEM\\fenglibai",".\\..\\SYSTEM\\balance_car"],"defineList":["STM32F40_41xxx","USE_STDPERIPH_DRIVER"]},"excludeList":[]}},"version":"2.6"}